"title_subreddit","title_user","title_text","title_time","title_vote","title_comment_count","title_comments_user","title_comments_text","title_comments_time","title_comments_vote"
"r/news","PandaMuffin1","Pythons, iguanas: Florida restricts some exotic reptiles","Fri Feb 26 21:52:41 2021 UTC","97 points","32 comments","SixIsNotANumber","Trying to lock up the barn after the horse has bolted...
I saw an iguana chasing a full grown cat across Biscayne Blvd in North Miami last year. And the year before, I was walking across my apartment complex to check the mail & as I passed under a low-hanging tree limb, the iguana sunning itself decided to thwop me upside the head with its tail!
Those scaly bastards are a menace!","Fri Feb 26 21:58:03 2021 UTC","39 points"
"r/news","PandaMuffin1","Pythons, iguanas: Florida restricts some exotic reptiles","Fri Feb 26 21:52:41 2021 UTC","97 points","32 comments","TheFrogWife","Iguanas ar edible, let people catch and eat them","Fri Feb 26 23:46:16 2021 UTC","11 points"
"r/news","PandaMuffin1","Pythons, iguanas: Florida restricts some exotic reptiles","Fri Feb 26 21:52:41 2021 UTC","97 points","32 comments","PandaMuffin1","Better late than never Florida. They are already destroying the habitat for the wildlife there.","Fri Feb 26 21:55:09 2021 UTC","10 points"
"r/news","PandaMuffin1","Pythons, iguanas: Florida restricts some exotic reptiles","Fri Feb 26 21:52:41 2021 UTC","97 points","32 comments","Burnblast277","It'd be great to list... what those species are","Fri Feb 26 23:36:37 2021 UTC","3 points"
"r/news","PandaMuffin1","Pythons, iguanas: Florida restricts some exotic reptiles","Fri Feb 26 21:52:41 2021 UTC","97 points","32 comments","haroldthehampster","A bit late for that kind of measure. They‚Äôve only been a problem for idk at least 20 years","Sat Feb 27 13:49:45 2021 UTC","3 points"
"r/iguanas","TheWintergreen","Where can I register my Iguana? (Florida Ban)","Wed Apr 14 06:34:00 2021 UTC","9 points","6 comments","IggyDaBoo","I second this, I haven‚Äôt read much about the ban... I‚Äôve had my iguana for 10 years now and I‚Äôll be damned if they attempt to euthanize her. I can‚Äôt seem to find where to register her either.","Wed Apr 14 17:42:14 2021 UTC","3 points"
"r/iguanas","TheWintergreen","Where can I register my Iguana? (Florida Ban)","Wed Apr 14 06:34:00 2021 UTC","9 points","6 comments","pctechadam","I own an iguana he's about 15 years old I have no plans to subject my old man to being stabbed to get an id chip inside him. I don't agree with any of this. Florida has many other invasive species we don't do anything about. Dogs cats and including humans. If we remove one invasive species I say we should remove them all.","last edited 1 year ago","2 points"
"r/iguanas","TheWintergreen","Where can I register my Iguana? (Florida Ban)","Wed Apr 14 06:34:00 2021 UTC","9 points","6 comments","Papa_Glucose","Im pretty sure it‚Äôs somewhere on the Dept of Fish and Wildlife website","Wed Apr 14 16:47:22 2021 UTC","1 point"
"r/iguanas","TheWintergreen","Where can I register my Iguana? (Florida Ban)","Wed Apr 14 06:34:00 2021 UTC","9 points","6 comments","StewDD","You need to have your iguana PIT tagged (micro-chipped) and then apply for the prohibited pet permit. Also don't forget to renew every year. https://myfwc.com/media/19443/csp-application-grandfathered-prohibited-species-for-personal-use.pdf
You can take her to a vet or order one of these chips and tag him yourself.
https://www.biomark.com/minihpt10-pre-load-sterile
https://www.amazon.com/gp/product/B0002YFROI/
This a video of tegus being tagged
https://www.youtube.com/watch?v=53ySB2YJ1_Y
https://www.youtube.com/watch?v=b1TizgBY2L0","Fri Apr 16 15:27:26 2021 UTC","1 point"
"r/Ethicalpetownership","FeelingDesigner","Pythons, iguanas: Florida restricts some exotic reptiles","Sat Feb 27 21:48:18 2021 UTC","5 points","0 comments","","","",""
"r/Snorkblot","ThePanth","Nightmare of the iguana: Florida tells homeowners to kill green iguanas 'whenever possible'","Wed Jul 3 21:49:08 2019 UTC","6 points","11 comments","Irk26","This instantly made me think of Mexican Radio
I wish I was in Tijuana
Eating barbecued iguana","Wed Jul 3 23:03:22 2019 UTC","5 points"
"r/Snorkblot","ThePanth","Nightmare of the iguana: Florida tells homeowners to kill green iguanas 'whenever possible'","Wed Jul 3 21:49:08 2019 UTC","6 points","11 comments","Squrlz4Ever","Iguanaburger cookout at Panth's and Star's places! Schecky can do the huntin', Gerry can be our grillmaster.","Wed Jul 3 22:42:40 2019 UTC","3 points"
"r/Snorkblot","ThePanth","Nightmare of the iguana: Florida tells homeowners to kill green iguanas 'whenever possible'","Wed Jul 3 21:49:08 2019 UTC","6 points","11 comments","SemichiSam","Yesterday (July 3) an iguana hunter in Florida shot a pool boy by mistake.
I'd like to add something amusing, but I don't know how to top day-to-day life in Florida.","Thu Jul 4 23:06:59 2019 UTC","3 points"
"r/AutoNewspaper","AutoNewspaperAdmin","[World] - Pythons, iguanas: Florida restricts some exotic reptiles | Toronto Star","Fri Feb 26 18:57:35 2021 UTC","1 point","0 comments","","","",""
"r/AutoNewspaper","AutoNewspaperAdmin","[National] - Pythons, iguanas: Florida restricts some exotic reptiles | ABC","Fri Feb 26 18:36:16 2021 UTC","1 point","0 comments","","","",""
"r/TORONTOSTARauto","AutoNewsAdmin","[World] - Pythons, iguanas: Florida restricts some exotic reptiles","Fri Feb 26 18:27:47 2021 UTC","1 point","0 comments","","","",""
"r/NoFilterNews","Faction_Chief","/r/news - https://abcnews.go.com/Weird/wireStory/pythons-iguanas-florida-restricts-exotic-reptiles-76138506?cid=clicksource_4380645_15_hero_headlines_headlines_hed","Fri Feb 26 22:41:26 2021 UTC","2 points","0 comments","","","",""
"r/ABCauto","AutoNewsAdmin","[National] - Pythons, iguanas: Florida restricts some exotic reptiles","Fri Feb 26 18:09:18 2021 UTC","1 point","0 comments","","","",""
"r/Lidless_Eye","dconedge_gmail_com","Pythons, iguanas: Florida restricts some exotic reptiles","Fri Feb 26 22:31:38 2021 UTC","1 point","0 comments","","","",""
"r/wildlifephotography","Youtripity","Such cool colors! [IGUANA Florida 2019]","Wed Mar 6 15:40:20 2019 UTC","16 points","0 comments","","","",""
"r/AutoNewspaper","AutoNewspaperAdmin","[National] - Nightmare of the iguana: Florida tells homeowners to kill green iguanas 'whenever possible' | USA Today","Wed Jul 3 13:26:25 2019 UTC","1 point","0 comments","","","",""
"r/USATODAYauto","AutoNewsAdmin","[National] - Nightmare of the iguana: Florida tells homeowners to kill green iguanas 'whenever possible'","Wed Jul 3 13:07:07 2019 UTC","1 point","0 comments","","","",""
"r/kawaraban","amigokomashiangeljr","Nightmare of the iguana: Florida tells homeowners to kill green iguanas 'whenever possible' - USA TODAY","Wed Jul 3 15:59:09 2019 UTC","1 point","0 comments","","","",""
"r/HotPeppers","yuarassh","I Hate Iguanas.......Florida","Thu Sep 12 15:13:19 2019 UTC","5 points","1 comment","TexasHot","Simple solution: eat the iguanas. I bet they taste like gator.","Fri Sep 13 07:47:25 2019 UTC","2 points"
"r/newsbotbot","-en-","Nightmare of the iguana: Florida tells homeowners to kill green iguanas 'whenever possible'","Wed Jul 3 13:04:24 2019 UTC","1 point","0 comments","","","",""
"r/NoFilterNews","Laurelais-Hygeine","Florida bicyclist injured in collision with an iguana","Sat Jul 18 15:07:20 2020 UTC","1 point","0 comments","","","",""
"r/FloridaMan","DRMidnite17","Florida woman finds iguana in her toilet","Wed Jul 13 00:35:52 2022 UTC","125 points","17 comments","SimemistReddit","this is super common in Florida.","Wed Jul 13 01:43:46 2022 UTC","17 points"
"r/FloridaMan","DRMidnite17","Florida woman finds iguana in her toilet","Wed Jul 13 00:35:52 2022 UTC","125 points","17 comments","mikefvegas","Must of hurt coming out.","Wed Jul 13 01:59:21 2022 UTC","7 points"
"r/FloridaMan","DRMidnite17","Florida woman finds iguana in her toilet","Wed Jul 13 00:35:52 2022 UTC","125 points","17 comments","cat_fox","Not gonna lie. I'd kind of like to become an iguana owner this way.","Wed Jul 13 07:56:03 2022 UTC","3 points"
"r/FloridaMan","DRMidnite17","Florida woman finds iguana in her toilet","Wed Jul 13 00:35:52 2022 UTC","125 points","17 comments","randomcanyon","The Pensacola TV news called it an ""unexpected Iguana in her toilet"" Like she has many ""expected"" iguanas in her toilet.","Wed Jul 13 17:18:43 2022 UTC","3 points"
"r/FloridaMan","DRMidnite17","Florida woman finds iguana in her toilet","Wed Jul 13 00:35:52 2022 UTC","125 points","17 comments","PFPChanges","How","Wed Jul 13 01:20:16 2022 UTC","2 points"
"r/florida","MiKeMcDnet","Raccoon hunting an invasive iguana in Florida while its decoy tail twitches nearby","Wed Aug 3 01:48:17 2022 UTC","56 points","4 comments","ruttentuten69","Glad to see the Raccoon won. Have a good lunch Rocky.","Wed Aug 3 15:33:49 2022 UTC","3 points"
"r/florida","MiKeMcDnet","Raccoon hunting an invasive iguana in Florida while its decoy tail twitches nearby","Wed Aug 3 01:48:17 2022 UTC","56 points","4 comments","MiKeMcDnet","ORIGINAL LINK - https://gfycat.com/shallowthickaustraliansilkyterrier","Wed Aug 3 21:06:20 2022 UTC","1 point"
"r/florida","MiKeMcDnet","Raccoon hunting an invasive iguana in Florida while its decoy tail twitches nearby","Wed Aug 3 01:48:17 2022 UTC","56 points","4 comments","Greedy_Supermarket22","Nature is metal","Thu Aug 4 01:33:29 2022 UTC","1 point"
"r/airguns","Pinkykatz72","Looking for a reasonable priced Iguana solution in S Florida.","Sun Jun 19 22:47:39 2022 UTC","6 points","33 comments","wojtekthesoldierbear","What's ""breaking the bank""?
More importantly, if a dude from NH were to come down for iguana hunting, where would a guy go? Because I keep thinking about it. Would make a cool business trip.","Mon Jun 20 01:30:37 2022 UTC","5 points"
"r/airguns","Pinkykatz72","Looking for a reasonable priced Iguana solution in S Florida.","Sun Jun 19 22:47:39 2022 UTC","6 points","33 comments","Grouse870","https://hatsanairgunsusa.com/product/_refurbished-airtact/ Hatsun refurb are pretty decent knock around type good should have more than enough for iguanas","Sun Jun 19 23:10:53 2022 UTC","3 points"
"r/airguns","Pinkykatz72","Looking for a reasonable priced Iguana solution in S Florida.","Sun Jun 19 22:47:39 2022 UTC","6 points","33 comments","taemyks","You don't need overkill on them, just accuracy. A HW50 in 22 would be an all day head shot rifle, no pumping needed. Depending on how good you are.
Especially if you're shooting into trees, don't overpower it.","Sun Jun 19 22:56:42 2022 UTC","2 points"
"r/airguns","Pinkykatz72","Looking for a reasonable priced Iguana solution in S Florida.","Sun Jun 19 22:47:39 2022 UTC","6 points","33 comments","Madaeox","Daisy 1100s in 177. Cheap break barrel that typically shoots the lights out, straight out if the box.
I have 13xx/22xx crosman builds, and they need some mods to get them to hold zero properly. Daisy 1100s still shoots circles around them beyond 20 yards and has plenty more power.
I have other springers I like better. But the 1100 is the cheapest one I have that didn't need a single modification to shoot lights out. It has a good reputation for accuracy, aside from my single anecdotal experience.","Mon Jun 20 21:20:32 2022 UTC","1 point"
"r/FloridaMan","evaldez14","Florida Woman Lifted The Seat To Find An Iguana Taking A Dip In The Toilet","Thu Jul 14 02:14:31 2022 UTC","24 points","3 comments","QualityVote","Hi! This is our community moderation bot. This bot helps make sure posts to r/FloridaMan fit the subreddit.
r/FloridaMan is intended to be a humorous subreddit that is not just for Florida news and very definitely not for overly morbid content. It is about Florida Man, the world's worst superhero, and his shenanigans and misadventures.
If this post is a good example of Florida Man's shenanigans and misadventures, UPVOTE this comment!!
If this post is overly morbid, not about Florida Man, a common repost or otherwise doesn't fit the purpose of r/FloridaMan, DOWNVOTE This comment!
If this post blatantly breaks the rules, for example if it's satire or an image, DOWNVOTE this comment and REPORT the post!","Thu Jul 14 02:14:36 2022 UTC",""
"r/FloridaMan","evaldez14","Florida Woman Lifted The Seat To Find An Iguana Taking A Dip In The Toilet","Thu Jul 14 02:14:31 2022 UTC","24 points","3 comments","trekgrrl","I have had two lizards get in the house this way and I don't live in Florida. Crazy that animals can get in the sewer and crawl up into someone's toilet or sink (we had a baby one come out of the kitchen sink).","Thu Jul 14 02:38:10 2022 UTC","3 points"
"r/FloridaMan","evaldez14","Florida Woman Lifted The Seat To Find An Iguana Taking A Dip In The Toilet","Thu Jul 14 02:14:31 2022 UTC","24 points","3 comments","spandexnotleather","Fellers, next time your wife yells at you for leaving the seat up tell her your just thinking of her.","Thu Jul 14 11:36:25 2022 UTC","2 points"
"r/NewsOfTheWeird","Sanlear","Florida woman surprised by uninvited iguana, in her toilet","Thu Jul 14 10:17:02 2022 UTC","42 points","3 comments","tamar","This is more common than you think.... Must've been a slow news day.","Thu Jul 14 14:28:21 2022 UTC","3 points"
"r/NewsOfTheWeird","Sanlear","Florida woman surprised by uninvited iguana, in her toilet","Thu Jul 14 10:17:02 2022 UTC","42 points","3 comments","notquite20characters","""I only invited two iguanas into my toilet, where did this iguana come from?""","Thu Jul 14 18:35:21 2022 UTC","3 points"
"r/offbeat","Havvocck2","Florida woman surprised by uninvited iguana, in her toilet","Wed Jul 13 14:19:44 2022 UTC","11 points","3 comments","fargmania","How does stuff like this make the news? How and why? I get that it is vaguely interesting and belongs here in r/offbeat... but I find myself asking how it gets into the news in the first place. When I have a problem with my toilet, nobody comes to interview me about it.","Wed Jul 13 16:45:59 2022 UTC","3 points"
"r/nature","Maxcactus","Florida‚Äôs Iguana Crisis","Tue Jun 21 16:35:45 2022 UTC","57 points","9 comments","Disastrous-Dig-1023","Laughs in Puerto Rico","Tue Jun 21 23:36:09 2022 UTC","12 points"
"r/nature","Maxcactus","Florida‚Äôs Iguana Crisis","Tue Jun 21 16:35:45 2022 UTC","57 points","9 comments","OneLostOstrich","This is great. Nice post.","Tue Jun 21 22:07:51 2022 UTC","8 points"
"r/nature","Maxcactus","Florida‚Äôs Iguana Crisis","Tue Jun 21 16:35:45 2022 UTC","57 points","9 comments","ParkingAdditional813","Florida is a crisis","Tue Jun 21 21:04:21 2022 UTC","11 points"
"r/nature","Maxcactus","Florida‚Äôs Iguana Crisis","Tue Jun 21 16:35:45 2022 UTC","57 points","9 comments","Canthatsgood","Look up Cowboy python on ig. Hunts iguanas and Burmese pythons. He's pure FL","Wed Jun 22 01:31:42 2022 UTC","6 points"
"r/nature","Maxcactus","Florida‚Äôs Iguana Crisis","Tue Jun 21 16:35:45 2022 UTC","57 points","9 comments","chinmoy808","I've heard reptile meat doesn't taste too bad, so get your airguns and bows to go lizard hunting in the middle of Orlando for dinner.","Wed Jun 22 03:57:51 2022 UTC","2 points"
"r/nature","Maxcactus","Florida‚Äôs Iguana Crisis","Tue Jun 21 16:35:45 2022 UTC","57 points","9 comments","ambientocclusion","So many invasive species. Time to deploy your Mark-1 shovels.","Tue Jun 21 23:17:59 2022 UTC","3 points"
"r/nature","Maxcactus","Florida‚Äôs Iguana Crisis","Tue Jun 21 16:35:45 2022 UTC","57 points","9 comments","PROPGUNONE","People like Sara Merkin need to stay the hell out of Florida. They‚Äôre lizards. They aren‚Äôt ruining the world, they don‚Äôt fuck with you, and they‚Äôve made air rifles great again.","Thu Jun 23 14:18:48 2022 UTC","1 point"
"r/FloridaMan","stankmanly","Florida woman surprised by uninvited iguana in her toilet","Fri Jul 22 22:04:35 2022 UTC","16 points","0 comments","","","",""
"r/undelete","FrontpageWatch2020","[#54|+26633|1114] Raccoon hunting an invasive iguana in Florida while its decoy tail twitches nearby [r/natureismetal]","Wed Aug 3 06:32:20 2022 UTC","2 points","0 comments","","","",""
"r/zoology","JoseZiggler","Is this a small iguana or some kinda anole. It was taken at Vanderbilt beach in SW Florida.","Sat Jun 4 14:24:34 2022 UTC","109 points","7 comments","alekgaytor","neither, looks like a basilisk","Sat Jun 4 14:27:30 2022 UTC","42 points"
"r/zoology","JoseZiggler","Is this a small iguana or some kinda anole. It was taken at Vanderbilt beach in SW Florida.","Sat Jun 4 14:24:34 2022 UTC","109 points","7 comments","hilmiira","Thats a basilisk!","Sat Jun 4 14:54:03 2022 UTC","16 points"
"r/zoology","JoseZiggler","Is this a small iguana or some kinda anole. It was taken at Vanderbilt beach in SW Florida.","Sat Jun 4 14:24:34 2022 UTC","109 points","7 comments","JoseZiggler","Thanks, I‚Äôm going to look it up.
Edit: Wow! That‚Äôs so cool, I first saw the little guy running across the hot pavement with his head and back arched back and his tail was up ‚Äúcrescent moon‚Äù style. Like the ones you see on the nature shows walking on water. I guess it‚Äôs invasive, but this dude really threw me off living here for many most of my life.","last edited 2 months ago","9 points"
"r/zoology","JoseZiggler","Is this a small iguana or some kinda anole. It was taken at Vanderbilt beach in SW Florida.","Sat Jun 4 14:24:34 2022 UTC","109 points","7 comments","TesseractToo","Basilisk which are infraorder that lguanomorpha (Iguanids) includes New World lizards like anoles and iguanas. That looks female, males have frills","Sat Jun 4 17:59:40 2022 UTC","5 points"
"r/zoology","JoseZiggler","Is this a small iguana or some kinda anole. It was taken at Vanderbilt beach in SW Florida.","Sat Jun 4 14:24:34 2022 UTC","109 points","7 comments","ColorfulScenario","striped basilisk","Sun Jun 5 07:39:24 2022 UTC","1 point"
"r/qcGottaSeeThis","quenclab","Raccoon hunting an invasive iguana in Florida while its decoy tail twitches nearby","Wed Aug 3 02:23:58 2022 UTC","1 point","0 comments","","","",""
"r/FloridaMan","stankmanly","Florida Man Iguana Hunter Kills Giant Invasive Lizards","Mon Feb 28 17:31:22 2022 UTC","1,275 points","60 comments","LoneRonin","Florida Man doing good for himself, he's made a business hunting and eating invasive species with his dog. They should be encouraging all Floridians to eat iguana, free meat.","Mon Feb 28 19:50:57 2022 UTC","222 points"
"r/FloridaMan","stankmanly","Florida Man Iguana Hunter Kills Giant Invasive Lizards","Mon Feb 28 17:31:22 2022 UTC","1,275 points","60 comments","tylorr83","Seen this Florida man in action on canals around here.
While the rest of the country gets snow flurries, we get iguanas falling out of trees.","Mon Feb 28 21:14:04 2022 UTC","64 points"
"r/FloridaMan","stankmanly","Florida Man Iguana Hunter Kills Giant Invasive Lizards","Mon Feb 28 17:31:22 2022 UTC","1,275 points","60 comments","VTX1800F","Get Er Done!","Mon Feb 28 18:05:54 2022 UTC","44 points"
"r/FloridaMan","stankmanly","Florida Man Iguana Hunter Kills Giant Invasive Lizards","Mon Feb 28 17:31:22 2022 UTC","1,275 points","60 comments","redditcdnfanguy","I always thought a restaurant chain called Invasive Species would do well. The govt pays for the inventory, for one.","Mon Feb 28 23:45:13 2022 UTC","19 points"
"r/FloridaMan","stankmanly","Florida Man Iguana Hunter Kills Giant Invasive Lizards","Mon Feb 28 17:31:22 2022 UTC","1,275 points","60 comments","Etterra","Man killing invasive species for a living has to be the best job ever. Even better than demolition work. I mean you don't get to use explosives, but you do get to kill things that aren't supposed to be there. Feral hogs, lizards, snakes, nutria, those fucking Chinese catfish carp things. Easy money. Well easy-ish.","Tue Mar 1 02:03:01 2022 UTC","23 points"
"r/FloridaMan","stankmanly","Florida Man Iguana Hunter Kills Giant Invasive Lizards","Mon Feb 28 17:31:22 2022 UTC","1,275 points","60 comments","sir_vile","I realize the need to cull invasive species but another part of just wishes the Iguanas didnt need to die.
I'm not mad at the people who have to kill them, i'm mad at the dummies who boight and sold iguanas without knowing how to properly care and dispose of them. I've seen Iguanas sold at fiars for a few bucks when they're hatchlings and its very irresponsible.","Tue Mar 1 02:34:49 2022 UTC","12 points"
"r/FloridaMan","stankmanly","Florida Man Iguana Hunter Kills Giant Invasive Lizards","Mon Feb 28 17:31:22 2022 UTC","1,275 points","60 comments","Rpilla001","Love his Pup! get on em boy!","Mon Feb 28 21:49:55 2022 UTC","8 points"
"r/FloridaMan","stankmanly","Florida Man Iguana Hunter Kills Giant Invasive Lizards","Mon Feb 28 17:31:22 2022 UTC","1,275 points","60 comments","topio1","Florida man methinks is a derogatory term and this is a cool dude no?","Mon Feb 28 19:10:04 2022 UTC","30 points"
"r/FloridaMan","stankmanly","Florida Man Iguana Hunter Kills Giant Invasive Lizards","Mon Feb 28 17:31:22 2022 UTC","1,275 points","60 comments","cyancynic","I was hoping for recipes.","Mon Feb 28 22:43:48 2022 UTC","4 points"
"r/FloridaMan","stankmanly","Florida Man Iguana Hunter Kills Giant Invasive Lizards","Mon Feb 28 17:31:22 2022 UTC","1,275 points","60 comments","MidsouthMystic","This is far more effective at handling invasive species than trying to ban people from keeping pet lizards.","Tue Mar 1 03:15:58 2022 UTC","5 points"
"r/FloridaMan","stankmanly","Florida Man Iguana Hunter Kills Giant Invasive Lizards","Mon Feb 28 17:31:22 2022 UTC","1,275 points","60 comments","Sweepy_time","He has a YouTube channel, it's pretty nuts. He mostly services golf courses and stuff. He's a crack shot with that scope and rifle of his. If you're sensitive to animals dying it's probably best you stay away.","Mon Feb 28 23:04:19 2022 UTC","10 points"
"r/FloridaMan","stankmanly","Florida Man Iguana Hunter Kills Giant Invasive Lizards","Mon Feb 28 17:31:22 2022 UTC","1,275 points","60 comments","ResearchingThisTopic","Legit question. Why does it seem like every invasive species in Florida have no predators? Even at this point wouldn't one invasive species munch on another?","Tue Mar 1 00:52:41 2022 UTC","5 points"
"r/FloridaMan","stankmanly","Florida Man Iguana Hunter Kills Giant Invasive Lizards","Mon Feb 28 17:31:22 2022 UTC","1,275 points","60 comments","jasoncam30","Was he holding a severed head in one of those pictures in the article?","Mon Feb 28 23:02:50 2022 UTC","2 points"
"r/FloridaMan","stankmanly","Florida Man Iguana Hunter Kills Giant Invasive Lizards","Mon Feb 28 17:31:22 2022 UTC","1,275 points","60 comments","luminous_beings","But Crocodile Dundee said you can eat them but they taste like shit. Why does he want to eat them ? Obviously I believe Crocodile Dundee here","Tue Mar 1 02:35:07 2022 UTC","0 points"
"r/FloridaMan","stankmanly","Florida Man Iguana Hunter Kills Giant Invasive Lizards","Mon Feb 28 17:31:22 2022 UTC","1,275 points","60 comments","captstinkybutt","That's pretty grotesque.
I mean, it's one thing to get rid of an invasive species but it's another thing entirely posing with so many bloody corpses.","Mon Feb 28 21:52:55 2022 UTC","-28 points"
"r/FloridaMan","stankmanly","Florida Man Iguana Hunter Kills Giant Invasive Lizards","Mon Feb 28 17:31:22 2022 UTC","1,275 points","60 comments","No_Understanding4587","This guys ig stories are so interesting lol","Tue Mar 1 00:28:48 2022 UTC","1 point"
"r/FloridaMan","stankmanly","Florida Man Iguana Hunter Kills Giant Invasive Lizards","Mon Feb 28 17:31:22 2022 UTC","1,275 points","60 comments","sleeman44","How fun that would be!","Tue Mar 1 04:12:03 2022 UTC","1 point"
"r/FloridaMan","stankmanly","Florida Man Iguana Hunter Kills Giant Invasive Lizards","Mon Feb 28 17:31:22 2022 UTC","1,275 points","60 comments","lightzout","Holy Flocking Dinosaurs what they hell has that thing been eating?","Tue Mar 1 05:37:43 2022 UTC","1 point"
"r/FloridaMan","stankmanly","Florida Man Iguana Hunter Kills Giant Invasive Lizards","Mon Feb 28 17:31:22 2022 UTC","1,275 points","60 comments","WeagleWDE2","YouTube the Python Cowboy. I sub to him. He‚Äôs pretty cool.","Tue Mar 1 13:01:03 2022 UTC","1 point"
"r/FloridaMan","stankmanly","Florida Man Iguana Hunter Kills Giant Invasive Lizards","Mon Feb 28 17:31:22 2022 UTC","1,275 points","60 comments","kclo4","What is in iguana hunters left hand in picture three? Why is it look like a human head?","Tue Mar 1 13:17:22 2022 UTC","1 point"
"r/FloridaMan","stankmanly","Florida Man Iguana Hunter Kills Giant Invasive Lizards","Mon Feb 28 17:31:22 2022 UTC","1,275 points","60 comments","kaijutegu","Florida People like this are amazing. There's only one solution to the current population of invasive species in Florida, unfortunately, and that's culling. It can be hard culls like this or soft culls like trappers getting these animals and removing them to out of state homes (that's how I got my pet lizard), but these guys do so much damage to populations of native animals and plants it's not even funny.","Tue Mar 1 15:00:59 2022 UTC","1 point"
"r/FloridaMan","stankmanly","Florida Man Iguana Hunter Kills Giant Invasive Lizards","Mon Feb 28 17:31:22 2022 UTC","1,275 points","60 comments","elrulo007","First good thing I heard from there since those Elvis movies","Tue Mar 1 17:22:43 2022 UTC","1 point"
"r/ecology","Nileperch75","Green Iguanas in Florida- Pet or Invasive Species?","Fri Jun 17 13:35:21 2022 UTC","11 points","5 comments","terranlifeform","Reminder that despite their invasive status we still need to treat these animals humanely. Too often I come across channels on YouTube like Catch em All Fishing who routinely abuse iguanas they catch by doing things like repeatedly throwing them into a pool while they're so cold that they can barely move and are on the verge of drowning. There's nothing wrong with hunting these iguanas and making use of their meat, but the blatant disrespect and animal abuse that follows many invasive species is not acceptable. Just because an animal is invasive that doesn't give you a free ticket to torture them.","Fri Jun 17 14:49:48 2022 UTC","12 points"
"r/ecology","Nileperch75","Green Iguanas in Florida- Pet or Invasive Species?","Fri Jun 17 13:35:21 2022 UTC","11 points","5 comments","torrentio","Food source.","Fri Jun 17 13:43:02 2022 UTC","11 points"
"r/Conservative","evaldez14","Quick Take: Build Back Better, Florida Woman's Iguana Problem, What's In The Closet","Thu Jul 14 15:16:36 2022 UTC","2 points","0 comments","","","",""
"r/newsbotbot","-en-","@AP: RT @AP_Oddities: Iguana get out of here! A Florida woman went to use the bathroom but did a quick turnaround after she saw something in the toilet. The thing? An iguana. ‚ÄúHe took up most of the toilet bowl,‚Äù she said. https://t.co/bEJij1d9lM #odd","Wed Jul 13 14:53:55 2022 UTC","1 point","0 comments","","","",""
"r/AutoNewspaper","AutoNewspaperAdmin","[World] - Florida woman surprised by uninvited iguana, in her toilet | Toronto Star","Wed Jul 13 09:21:16 2022 UTC","1 point","0 comments","","","",""
"r/conservatives","evaldez14","Quick Take: Build Back Better, Florida Woman's Iguana Problem, What's In The Closet","Thu Jul 14 15:16:43 2022 UTC","3 points","0 comments","","","",""
"r/TrendingQuickTVnews","swagNextTuber","Florida woman shocked to find iguana in her toilet: report","Mon Jul 18 13:20:22 2022 UTC","1 point","0 comments","","","",""
"r/Destiny","ink117","POV: you‚Äôre hunting iguana‚Äôs on your mansion in Florida after shilling Redact","Sat May 28 00:55:01 2022 UTC","25 points","3 comments","ManOfDrinks","Why is it always an SKS?","Sat May 28 04:03:50 2022 UTC","6 points"
"r/Destiny","ink117","POV: you‚Äôre hunting iguana‚Äôs on your mansion in Florida after shilling Redact","Sat May 28 00:55:01 2022 UTC","25 points","3 comments","Alypie123","Breaking down sterotypes. Good for him!","Sat May 28 15:29:33 2022 UTC","3 points"
"r/EnvironmentalNews","EarthEmail","Florida woman calls expert to flush iguana out of her toilet","Wed Jul 13 13:42:15 2022 UTC","1 point","0 comments","","","",""
"r/Floridawildlife","madinmia","If you live in Florida, have you noticed more iguana pizza than usual? Here's why","Sat Jul 9 20:37:43 2022 UTC","1 point","0 comments","","","",""
"r/AutoNewspaper","AutoNewspaperAdmin","[Environment] - Florida woman calls expert to flush iguana out of her toilet | Guardian","Wed Jul 13 13:28:30 2022 UTC","1 point","0 comments","","","",""
"r/DemocraticUnderground","DemUnderground","Florida woman surprised by uninvited iguana, in her toilet","Wed Jul 13 18:34:01 2022 UTC","1 point","0 comments","","","",""
"r/NYPOSTauto","AutoNewsAdmin","[National] - Florida woman surprised by uninvited iguana, in her toilet","Thu Jul 14 14:16:25 2022 UTC","1 point","0 comments","","","",""
"r/GUARDIANauto","AutoNewsAdmin","[Environment] - Florida woman calls expert to flush iguana out of her toilet","Wed Jul 13 13:26:56 2022 UTC","1 point","0 comments","","","",""
"r/TORONTOSTARauto","AutoNewsAdmin","[World] - Florida woman surprised by uninvited iguana, in her toilet","Wed Jul 13 08:59:07 2022 UTC","1 point","0 comments","","","",""
"r/AutoNewspaper","AutoNewspaperAdmin","[National] - Florida woman surprised by uninvited iguana, in her toilet | NY Post","Thu Jul 14 14:28:32 2022 UTC","1 point","0 comments","","","",""
"r/Austin","WhereIsHank","Florida has iguanas dropping from trees when it is cold. Austin has Texas Spiny Lizards.","Fri Mar 11 21:43:34 2022 UTC","367 points","39 comments","serpentarian","You are my hero. Thank you for looking out for them. The crazy weather is really fucking with our nature friends. :(","Fri Mar 11 21:53:31 2022 UTC","81 points"
"r/Austin","WhereIsHank","Florida has iguanas dropping from trees when it is cold. Austin has Texas Spiny Lizards.","Fri Mar 11 21:43:34 2022 UTC","367 points","39 comments","renegadeangel","I love these lil guys. I used to see them all the time in my backyard. Sometimes they do push-ups to try and intimidate you.","Fri Mar 11 22:26:20 2022 UTC","23 points"
"r/Austin","WhereIsHank","Florida has iguanas dropping from trees when it is cold. Austin has Texas Spiny Lizards.","Fri Mar 11 21:43:34 2022 UTC","367 points","39 comments","WhereIsHank","For once glad not everything is bigger in Texas.","Fri Mar 11 21:44:47 2022 UTC","13 points"
"r/Austin","WhereIsHank","Florida has iguanas dropping from trees when it is cold. Austin has Texas Spiny Lizards.","Fri Mar 11 21:43:34 2022 UTC","367 points","39 comments","LightedCircuitBoard","Thank you for keeping the safe and warm!","Fri Mar 11 22:10:34 2022 UTC","8 points"
"r/Austin","WhereIsHank","Florida has iguanas dropping from trees when it is cold. Austin has Texas Spiny Lizards.","Fri Mar 11 21:43:34 2022 UTC","367 points","39 comments","","Were these the guys that were supposed to be super venomous in ""Holes""?","Fri Mar 11 21:53:53 2022 UTC","4 points"
"r/Austin","WhereIsHank","Florida has iguanas dropping from trees when it is cold. Austin has Texas Spiny Lizards.","Fri Mar 11 21:43:34 2022 UTC","367 points","39 comments","Imaginary_Exit_9947","He is a cutie","Fri Mar 11 23:43:34 2022 UTC","4 points"
"r/Austin","WhereIsHank","Florida has iguanas dropping from trees when it is cold. Austin has Texas Spiny Lizards.","Fri Mar 11 21:43:34 2022 UTC","367 points","39 comments","","So there was one of these in my grandparents‚Äô 100 year old oak tree when I was a kid. I caught anoles all the time and traded them to the pet shop for crickets when I was a kid, but that giant spiny guy was like the epic fish in The Simpsons. We saw him sometimes, but he was way too wily for us. Never did catch that guy.","Sat Mar 12 04:57:08 2022 UTC","3 points"
"r/Austin","WhereIsHank","Florida has iguanas dropping from trees when it is cold. Austin has Texas Spiny Lizards.","Fri Mar 11 21:43:34 2022 UTC","367 points","39 comments","Kathykat5959","I wish I had seen this sooner, I would have looked in my woods. I'll look first thing in the morning for some lizards in distress.","Sat Mar 12 02:46:34 2022 UTC","2 points"
"r/Austin","WhereIsHank","Florida has iguanas dropping from trees when it is cold. Austin has Texas Spiny Lizards.","Fri Mar 11 21:43:34 2022 UTC","367 points","39 comments","Volkieran","Save the poor dear!!","Sat Mar 12 03:43:59 2022 UTC","2 points"
"r/Austin","WhereIsHank","Florida has iguanas dropping from trees when it is cold. Austin has Texas Spiny Lizards.","Fri Mar 11 21:43:34 2022 UTC","367 points","39 comments","DoublePetting","My cat keeps dragging these into the house, always a fun surprise.","Sat Mar 12 02:34:17 2022 UTC","0 points"
"r/Austin","WhereIsHank","Florida has iguanas dropping from trees when it is cold. Austin has Texas Spiny Lizards.","Fri Mar 11 21:43:34 2022 UTC","367 points","39 comments","yesyesitswayexpired","Are those edible?","Fri Mar 11 21:58:36 2022 UTC","-1 points"
"r/Austin","WhereIsHank","Florida has iguanas dropping from trees when it is cold. Austin has Texas Spiny Lizards.","Fri Mar 11 21:43:34 2022 UTC","367 points","39 comments","fl135790135790","I don‚Äôt underhand the comparison in the title","Fri Mar 11 23:18:28 2022 UTC","-3 points"
"r/Austin","WhereIsHank","Florida has iguanas dropping from trees when it is cold. Austin has Texas Spiny Lizards.","Fri Mar 11 21:43:34 2022 UTC","367 points","39 comments","Ashsquatch11","Cute. What do ya feed em?","Fri Mar 11 23:43:18 2022 UTC","1 point"
"r/EarthScience","Nileperch75","Green Iguanas in Florida- Pet or Invasive Species?","Fri Jun 17 13:35:17 2022 UTC","7 points","2 comments","applemaggot1","Most pets are invasive. Keeping native wildlife as a pet is mostly illegal or requires a permi","Fri Jun 17 23:37:10 2022 UTC","1 point"
"r/EarthScience","Nileperch75","Green Iguanas in Florida- Pet or Invasive Species?","Fri Jun 17 13:35:17 2022 UTC","7 points","2 comments","kec04fsu1","Yes.","Sat Jun 18 00:02:20 2022 UTC","1 point"
"r/interestingasfuck","TheSciFiGuy80","Yes, it does rain Iguanas in South Florida during the winter.","Wed Feb 2 00:28:59 2022 UTC","299 points","108 comments","AutoModerator","Please note:
If this post declares something as a fact proof is required.
The title must be descriptive
No text is allowed on images
Common/recent reposts are not allowed
See this post for more information.
I am a bot, and this action was performed automatically. Please contact the moderators of this subreddit if you have any questions or concerns.","Wed Feb 2 00:28:59 2022 UTC",""
"r/interestingasfuck","TheSciFiGuy80","Yes, it does rain Iguanas in South Florida during the winter.","Wed Feb 2 00:28:59 2022 UTC","299 points","108 comments","Many_Lion_1145","He's probably not dead it just depends on the height of the tree he fell from. It's actually very common and once the temperature gets warm enough he will actually wake up and go back to normal.
Temperatures have to get in the mid to the low 40¬∞ Fahrenheit because iguanas are cold blooded, it's a form of suspended animation but once the sun's rays warm them up they come back to life","Wed Feb 2 00:34:39 2022 UTC","59 points"
"r/interestingasfuck","TheSciFiGuy80","Yes, it does rain Iguanas in South Florida during the winter.","Wed Feb 2 00:28:59 2022 UTC","299 points","108 comments","Orchidbleu","Going to eat good tonight.","Wed Feb 2 00:36:20 2022 UTC","19 points"
"r/interestingasfuck","TheSciFiGuy80","Yes, it does rain Iguanas in South Florida during the winter.","Wed Feb 2 00:28:59 2022 UTC","299 points","108 comments","Ube_Ape","I read that they aren't dead necessarily just immobile. Imagine seeing a few of these while the temperature is warming up and then they just get up and scurry away.","Wed Feb 2 00:37:23 2022 UTC","20 points"
"r/interestingasfuck","TheSciFiGuy80","Yes, it does rain Iguanas in South Florida during the winter.","Wed Feb 2 00:28:59 2022 UTC","299 points","108 comments","everlastinganguish","yep, i got dinner for the next two weeks with all the ones i‚Äôve picked up on the side of the road","Wed Feb 2 01:05:17 2022 UTC","8 points"
"r/interestingasfuck","TheSciFiGuy80","Yes, it does rain Iguanas in South Florida during the winter.","Wed Feb 2 00:28:59 2022 UTC","299 points","108 comments","In-Jail-Out-Soon","I heard they‚Äôre actually tasty eating if you‚Äôre interested
Source: live in FL and have heard about ppl eating them","last edited 6 months ago","7 points"
"r/interestingasfuck","TheSciFiGuy80","Yes, it does rain Iguanas in South Florida during the winter.","Wed Feb 2 00:28:59 2022 UTC","299 points","108 comments","Radon099","""I want to be in Ti-juana
Eating barbecued iguana...""","Wed Feb 2 00:48:28 2022 UTC","5 points"
"r/interestingasfuck","TheSciFiGuy80","Yes, it does rain Iguanas in South Florida during the winter.","Wed Feb 2 00:28:59 2022 UTC","299 points","108 comments","RosieCakeness","Friend in Hudson had 4 fall and 2 lived. She moved them, with gloves, to her garage and left it a bit open. Her outdoor kitties/iguanas ate the cat food and lived so far.","Wed Feb 2 00:51:36 2022 UTC","6 points"
"r/interestingasfuck","TheSciFiGuy80","Yes, it does rain Iguanas in South Florida during the winter.","Wed Feb 2 00:28:59 2022 UTC","299 points","108 comments","Odd_Activity_8380","Florida fish and game wants you to kill them. They are invasive species https://myfwc.com/news/all-news/iguana-","Wed Feb 2 02:01:05 2022 UTC","5 points"
"r/interestingasfuck","TheSciFiGuy80","Yes, it does rain Iguanas in South Florida during the winter.","Wed Feb 2 00:28:59 2022 UTC","299 points","108 comments","iamamuttonhead","The story from a few years ago where the person collected a bunch of them, put them in a car, and drove away with them. They woke up in the car while the idiot was driving.","Wed Feb 2 03:45:46 2022 UTC","5 points"
"r/interestingasfuck","TheSciFiGuy80","Yes, it does rain Iguanas in South Florida during the winter.","Wed Feb 2 00:28:59 2022 UTC","299 points","108 comments","BeePleasant8236","Stiffer than a teenagers prick on prom night üòÇ what my Pa in law used to say","Wed Feb 2 06:05:15 2022 UTC","4 points"
"r/interestingasfuck","TheSciFiGuy80","Yes, it does rain Iguanas in South Florida during the winter.","Wed Feb 2 00:28:59 2022 UTC","299 points","108 comments","chudley78","This, in combination with tik tok, gave us planking","Wed Feb 2 00:47:36 2022 UTC","3 points"
"r/interestingasfuck","TheSciFiGuy80","Yes, it does rain Iguanas in South Florida during the winter.","Wed Feb 2 00:28:59 2022 UTC","299 points","108 comments","BrewsandBass","His name is Frankie. He used to do commercials for Budweiser","last edited 6 months ago","2 points"
"r/interestingasfuck","TheSciFiGuy80","Yes, it does rain Iguanas in South Florida during the winter.","Wed Feb 2 00:28:59 2022 UTC","299 points","108 comments","chuck_diesel79","Free pets","Wed Feb 2 02:54:57 2022 UTC","2 points"
"r/interestingasfuck","TheSciFiGuy80","Yes, it does rain Iguanas in South Florida during the winter.","Wed Feb 2 00:28:59 2022 UTC","299 points","108 comments","RooR67","I got no regrets. Ooh","Wed Feb 2 03:16:00 2022 UTC","2 points"
"r/interestingasfuck","TheSciFiGuy80","Yes, it does rain Iguanas in South Florida during the winter.","Wed Feb 2 00:28:59 2022 UTC","299 points","108 comments","skinnergy","I hope they are being humanely dispensed, as recommended by the Florida fish and wildlife commission. https://myfwc.com/wildlifehabitats/profiles/reptiles/green-iguana/#:~:text=from%20my%20property%3F-,Green%20iguanas%20are%20not%20protected%20in%20Florida%20except%20by%20anti,from%20private%20properties%20by%20landowners.","Wed Feb 2 07:29:15 2022 UTC","2 points"
"r/interestingasfuck","TheSciFiGuy80","Yes, it does rain Iguanas in South Florida during the winter.","Wed Feb 2 00:28:59 2022 UTC","299 points","108 comments","PotBoozeNKink","Man this just makes me miss Puerto Rico","Wed Feb 2 07:32:03 2022 UTC","2 points"
"r/interestingasfuck","TheSciFiGuy80","Yes, it does rain Iguanas in South Florida during the winter.","Wed Feb 2 00:28:59 2022 UTC","299 points","108 comments","TyrionBean","He‚Äôs not dead. He‚Äôs restin‚Äô. Probably just pining for the fjords.","Wed Feb 2 01:17:27 2022 UTC","4 points"
"r/interestingasfuck","TheSciFiGuy80","Yes, it does rain Iguanas in South Florida during the winter.","Wed Feb 2 00:28:59 2022 UTC","299 points","108 comments","musicfromadventures","Are they worth cooking up and eating?","Wed Feb 2 00:49:53 2022 UTC","2 points"
"r/interestingasfuck","TheSciFiGuy80","Yes, it does rain Iguanas in South Florida during the winter.","Wed Feb 2 00:28:59 2022 UTC","299 points","108 comments","fart-journey","If you are for sure for sure it‚Äôs actually dead you should put it in the freezer and sell them to a taxidermist","Wed Feb 2 00:36:46 2022 UTC","3 points"
"r/interestingasfuck","TheSciFiGuy80","Yes, it does rain Iguanas in South Florida during the winter.","Wed Feb 2 00:28:59 2022 UTC","299 points","108 comments","nikkipotnic","I guess it also rain leaves and branches.","Wed Feb 2 00:32:41 2022 UTC","2 points"
"r/interestingasfuck","TheSciFiGuy80","Yes, it does rain Iguanas in South Florida during the winter.","Wed Feb 2 00:28:59 2022 UTC","299 points","108 comments","waffles-n-gravy","Are they men iguanas?","Wed Feb 2 00:33:04 2022 UTC","1 point"
"r/interestingasfuck","TheSciFiGuy80","Yes, it does rain Iguanas in South Florida during the winter.","Wed Feb 2 00:28:59 2022 UTC","299 points","108 comments","NewbutOld8","...how? some sort of storm?","Wed Feb 2 00:32:53 2022 UTC","1 point"
"r/interestingasfuck","TheSciFiGuy80","Yes, it does rain Iguanas in South Florida during the winter.","Wed Feb 2 00:28:59 2022 UTC","299 points","108 comments","colouredinthelines","Can visitors from other lower 48 states take them home as pets?","Wed Feb 2 01:31:24 2022 UTC","1 point"
"r/interestingasfuck","TheSciFiGuy80","Yes, it does rain Iguanas in South Florida during the winter.","Wed Feb 2 00:28:59 2022 UTC","299 points","108 comments","curlyguy27","Does it help at all with the invasive population?","Wed Feb 2 01:05:48 2022 UTC","0 points"
"r/interestingasfuck","TheSciFiGuy80","Yes, it does rain Iguanas in South Florida during the winter.","Wed Feb 2 00:28:59 2022 UTC","299 points","108 comments","SpyTheRedEye","Y'all be getting them high on meth don't y'all? That's why this shit happens. Sick fucks.","Wed Feb 2 08:42:37 2022 UTC","0 points"
"r/interestingasfuck","TheSciFiGuy80","Yes, it does rain Iguanas in South Florida during the winter.","Wed Feb 2 00:28:59 2022 UTC","299 points","108 comments","ASquirrelHasNoName","Hallelujah","Wed Feb 2 00:41:02 2022 UTC","1 point"
"r/interestingasfuck","TheSciFiGuy80","Yes, it does rain Iguanas in South Florida during the winter.","Wed Feb 2 00:28:59 2022 UTC","299 points","108 comments","Zealousideal_Mud5035","He flying in the cosmos right now.","Wed Feb 2 01:15:27 2022 UTC","1 point"
"r/interestingasfuck","TheSciFiGuy80","Yes, it does rain Iguanas in South Florida during the winter.","Wed Feb 2 00:28:59 2022 UTC","299 points","108 comments","Bunker_Beans","I guana fall if I‚Äôm not careful.","Wed Feb 2 01:23:35 2022 UTC","1 point"
"r/interestingasfuck","TheSciFiGuy80","Yes, it does rain Iguanas in South Florida during the winter.","Wed Feb 2 00:28:59 2022 UTC","299 points","108 comments","Dko4445678","Barbecue them up!","Wed Feb 2 02:17:34 2022 UTC","1 point"
"r/interestingasfuck","TheSciFiGuy80","Yes, it does rain Iguanas in South Florida during the winter.","Wed Feb 2 00:28:59 2022 UTC","299 points","108 comments","Adawg1122","Cook and eat it","Wed Feb 2 03:03:14 2022 UTC","1 point"
"r/interestingasfuck","TheSciFiGuy80","Yes, it does rain Iguanas in South Florida during the winter.","Wed Feb 2 00:28:59 2022 UTC","299 points","108 comments","ReneeLR","I knew someone who picked a big immobilized iguana off the road and put it in her car to show her kids. As she drove, it warmed up and woke up in the car and began frantically running all over the car, across her head and her body. She freaked out and started screaming and nearly drove off the road. She pulled over and got out, and it jumped out and ran off.","Wed Feb 2 03:21:25 2022 UTC","1 point"
"r/interestingasfuck","TheSciFiGuy80","Yes, it does rain Iguanas in South Florida during the winter.","Wed Feb 2 00:28:59 2022 UTC","299 points","108 comments","BryanV921","Iguanaü¶é","Wed Feb 2 03:38:18 2022 UTC","1 point"
"r/interestingasfuck","TheSciFiGuy80","Yes, it does rain Iguanas in South Florida during the winter.","Wed Feb 2 00:28:59 2022 UTC","299 points","108 comments","UsedBearSales","Mmmmmm street iguana jerky","Wed Feb 2 03:46:41 2022 UTC","1 point"
"r/interestingasfuck","TheSciFiGuy80","Yes, it does rain Iguanas in South Florida during the winter.","Wed Feb 2 00:28:59 2022 UTC","299 points","108 comments","Roo_farts","Cant you eat iguana or am I thinking if fallout","Wed Feb 2 04:14:17 2022 UTC","1 point"
"r/interestingasfuck","TheSciFiGuy80","Yes, it does rain Iguanas in South Florida during the winter.","Wed Feb 2 00:28:59 2022 UTC","299 points","108 comments","Jeramy_Jones","Are they in torpor? Also, can you eat them? I feel like this is free ‚Äúchicken‚Äù.","Wed Feb 2 04:41:56 2022 UTC","1 point"
"r/interestingasfuck","TheSciFiGuy80","Yes, it does rain Iguanas in South Florida during the winter.","Wed Feb 2 00:28:59 2022 UTC","299 points","108 comments","th3f1nalc0untd0wn","Lol ""winter""","Wed Feb 2 04:44:34 2022 UTC","1 point"
"r/interestingasfuck","TheSciFiGuy80","Yes, it does rain Iguanas in South Florida during the winter.","Wed Feb 2 00:28:59 2022 UTC","299 points","108 comments","Thin_Anxiety2783","Poor bastard, I truly do hate stuff like this. I understand Circle of Life and all that but it's just sad.","Wed Feb 2 05:46:21 2022 UTC","1 point"
"r/interestingasfuck","TheSciFiGuy80","Yes, it does rain Iguanas in South Florida during the winter.","Wed Feb 2 00:28:59 2022 UTC","299 points","108 comments","Legal_Refuse","https://www.palmbeachpost.com/story/news/2022/01/31/frozen-iguanas-florida-weather-photos-twitter-instagram-facebook/9282167002/
‚Äã
https://myfwc.com/wildlifehabitats/profiles/reptiles/green-iguana/","Wed Feb 2 05:48:51 2022 UTC","1 point"
"r/interestingasfuck","TheSciFiGuy80","Yes, it does rain Iguanas in South Florida during the winter.","Wed Feb 2 00:28:59 2022 UTC","299 points","108 comments","Quintink","Free pets","Wed Feb 2 06:38:10 2022 UTC","1 point"
"r/interestingasfuck","TheSciFiGuy80","Yes, it does rain Iguanas in South Florida during the winter.","Wed Feb 2 00:28:59 2022 UTC","299 points","108 comments","bueno_hombre","They come back to life right? I recall a story of a friend who had like 5 in his car trying to dispose of them that started crawling around the next day","Wed Feb 2 09:51:38 2022 UTC","1 point"
"r/interestingasfuck","TheSciFiGuy80","Yes, it does rain Iguanas in South Florida during the winter.","Wed Feb 2 00:28:59 2022 UTC","299 points","108 comments","Cultural-Roof-3048","free tree dogs","Wed Feb 2 10:30:17 2022 UTC","1 point"
"r/interestingasfuck","TheSciFiGuy80","Yes, it does rain Iguanas in South Florida during the winter.","Wed Feb 2 00:28:59 2022 UTC","299 points","108 comments","Richiesaidohyea","Delicious","Wed Feb 2 10:39:41 2022 UTC","1 point"
"r/interestingasfuck","TheSciFiGuy80","Yes, it does rain Iguanas in South Florida during the winter.","Wed Feb 2 00:28:59 2022 UTC","299 points","108 comments","Time-Comedian1774","That's an Iguanas playing Opossum","Wed Feb 2 10:51:36 2022 UTC","1 point"
"r/interestingasfuck","TheSciFiGuy80","Yes, it does rain Iguanas in South Florida during the winter.","Wed Feb 2 00:28:59 2022 UTC","299 points","108 comments","SuicideBlond2905","It's much easier to kill this invasive species when they are cold.","Wed Feb 2 16:34:12 2022 UTC","1 point"